{
	"mapdata": [173.5421, -37.4304, 175.9865, -36.2678],
	"viewport": [174.58108, -36.938144, 174.951182, -36.767268]
}
